#R	202605040309	芝2400	16	103/103/102	102	83	終い伸び型:7,持続型:5,先行型:2,加速型:2	均衡戦:69,瞬発戦:47,持続戦:40,前残り戦:29,ロングスパート戦:13,ハイペース消耗戦:10,ハイペース耐久戦:6,加速戦:4
イクリール	終い伸び型	100	92	99	95	96	7	7
オウケンヴィーナス	持続型	83	58	79	61	90	3	3
オニノウタゲ	先行型	55	48	87	73	74	5	0
オメガストリーム	加速型	93	73	92	84	94	10	1
オルトパラティウム	加速型	93	87	92	94	92	2	2
キングズトゥルー	終い伸び型	86	73	94	81	103	3	3
サイモンルモンド	持続型	89	65	82	76	90	18	1
ジュンツバメガエシ	終い伸び型	102	90	93	91	102	5	5
ドゥラエテルノ	持続型	98	83	92	88	98	19	1
トレサフィール	持続型	94	89	100	94	97	9	0
ノクターン	終い伸び型	103	83	90	80	103	7	0
ノラリクラリ	終い伸び型	103	94	92	82	103	7	7
ノーブルクライ	終い伸び型	96	80	91	84	102	4	4
ビップチェイス	持続型	98	95	92	89	92	3	3
リュクスパトロール	終い伸び型	88	83	95	80	100	7	0
レイデラルース	先行型	102	86	95	91	96	12	1
#R	202608040310	芝1400	18	104/103/102	102	81	持続型:9,先行型:6,耐久型:2,終い伸び型:1	均衡戦:104,ハイペース耐久戦:53,前残り戦:25,ハイペース消耗戦:13,持続戦:8,瞬発戦:6,ロングスパート戦:3,加速戦:2
アイルドリアン	先行型	98	78	102	97	80	8	1
アスゴッド	耐久型	77	76	98	93	83	2	2
インフローレ	持続型	93	81	92	90	94	6	6
ウチュウノセカイ	持続型	89	80	96	88	91	9	0
エルハーベン	先行型	98	73	100	96	91	4	1
キングケープ	持続型	100	99	100	96	102	3	3
タガノアンファン	持続型	100	81	91	81	104	5	5
タナスーペルノーバ	先行型	102	72	97	89	82	12	0
ダノンプリマ	先行型	97	86	100	99	90	10	0
テーオーシュタイン	終い伸び型	103	96	95	87	108	2	2
ノボリリア	耐久型	97	89	101	99	92	4	4
ヒーローインチーフ	持続型	104	87	82	81	108	19	0
プチプラージュ	持続型	96	79	88	78	101	3	3
ブルーサンセット	先行型	91	81	97	92	86	14	1
マーゴットラヴミー	持続型	94	94	104	103	96	3	1
ヤマニンレセディ	先行型	101	76	93	90	91	15	0
ララバニュルス	持続型	98	85	90	86	99	10	1
ワンコールアウェイ	持続型	97	94	96	90	104	8	8
#R	202605040310	ダ2100	25	107/106/104	104	82	先行型:15,持続型:7,耐久型:2,加速型:1	均衡戦:177,ハイペース消耗戦:42,ハイペース耐久戦:37,瞬発戦:20,前残り戦:17,持続戦:12,ロングスパート戦:7
インナーパッション	先行型	106	74	88	90	100	5	1
エーデル	持続型	94	83	90	88	95	20	0
コズミックダンサー	耐久型	104	79	95	83	95	15	1
サイモンルモンド	持続型	89	65	82	76	90	18	1
ジェーケーボンバー	持続型	70	70	79	75	93	1	0
シグムンド	持続型	95	83	98	90	90	12	12
シテフローラル	加速型	99	87	87	81	99	8	0
シャローファースト	先行型	107	72	97	93	87	12	0
ゼンエスポワール	先行型	101	86	98	94	92	13	0
タイキインドラ	先行型	92	75	91	90	91	10	1
ダブルメッセージ	先行型	95	79	101	96	86	6	6
デールエルバハリ	先行型	88	72	93	88	90	9	0
ドゥラエテルノ	持続型	98	83	92	88	98	19	1
トゥーザムーン	先行型	95	94	99	96	97	2	2
バタール	先行型	97	82	99	93	92	8	1
ブレゲアン	先行型	92	71	95	85	89	12	0
ボクマダネムイヨ	持続型	94	83	93	86	98	8	0
ポッドフォルク	先行型	95	79	101	95	87	14	0
マウントバーノン	先行型	90	85	94	91	94	4	4
マッドゲイル	先行型	87	87	100	99	89	2	2
メイショウジンライ	持続型	80	74	98	85	93	6	0
ユウトザユウト	先行型	98	82	96	94	88	13	0
レッドボブ	先行型	98	84	99	95	90	18	0
レッドリベルタ	先行型	93	88	96	96	93	4	4
ローズマイスター	耐久型	91	80	84	82	96	19	1
#R	202608040311	ダ1800	14	103/102/101	101	85	持続型:6,先行型:5,耐久型:2,終い伸び型:1	均衡戦:109,ハイペース耐久戦:30,ハイペース消耗戦:20,前残り戦:15,瞬発戦:11,持続戦:7,ロングスパート戦:3
オリーブグリーン	持続型	102	82	97	91	94	11	11
ゲキザル	耐久型	94	86	91	89	98	2	2
サイモンシュバリエ	先行型	97	82	99	91	95	10	10
サンライズケヴィン	先行型	91	74	96	87	89	6	6
ショウサンジョージ	耐久型	100	82	95	84	99	8	8
ダンツシタン	持続型	89	82	93	90	93	11	11
テーオールビー	先行型	99	90	103	103	86	10	10
ドラゴン	先行型	100	86	97	90	98	6	6
ベルダイナフェロー	持続型	61	61	90	83	82	2	2
ミカッテヨンデイイ	終い伸び型	101	90	90	86	103	17	0
メイショウコガシラ	持続型	103	91	97	97	96	10	10
ユウトザユウト	先行型	88	86	96	97	81	5	5
ラオラシオン	持続型	94	87	96	95	96	12	12
リベッチオ	持続型	85	84	99	93	95	3	3
#R	202605040311	芝1600	12	87/87/82	82	67	終い伸び型:8,加速型:2,持続型:1,先行型:1	瞬発戦:8,均衡戦:6,前残り戦:2,持続戦:1,ハイペース耐久戦:1
アイファーマーリン	終い伸び型	68	66	81	66	105	2	2
アゴルディーノ	加速型	87	79	92	85	98	2	0
ギブリ	終い伸び型	61	61	86	70	97	1	1
グルーヴェンス	持続型	74	65	84	76	89	2	0
サトノハクマイ	終い伸び型	51	51	74	53	103	1	1
ジップスパーク	終い伸び型	65	65	86	72	99	1	1
デミアン	終い伸び型	71	71	76	65	106	1	0
ニシノトラノスケ	終い伸び型	57	57	85	77	91	1	1
ハンサム	加速型	87	78	93	81	99	2	2
フィリオソラーレ	終い伸び型	82	82	92	80	108	1	1
ベルウッドディープ	終い伸び型	68	68	86	71	103	1	1
ライーリーアース	先行型	72	70	93	86	86	3	0
#R	202605040409	芝1600	17	103/102/101	101	85	終い伸び型:7,持続型:7,先行型:2,加速型:1	均衡戦:105,前残り戦:37,瞬発戦:32,ハイペース耐久戦:27,持続戦:23,ハイペース消耗戦:11,ロングスパート戦:1,加速戦:1
アスゴッド	先行型	85	74	95	85	85	20	0
エラルディーク	先行型	95	78	94	86	85	5	1
エーデルヴェーグ	終い伸び型	102	89	94	89	103	6	6
キーウェーブ	終い伸び型	81	78	89	81	96	4	4
クレパスキュラー	持続型	101	93	91	98	106	5	1
クールデイトナ	終い伸び型	89	82	95	86	100	6	6
ジッピーレーサー	持続型	93	85	93	91	92	8	8
シャンパンマーク	終い伸び型	95	88	90	84	101	7	7
ソニックライン	持続型	96	83	93	89	100	9	9
ツルマウカタチ	終い伸び型	99	93	88	86	106	13	13
テーオーシュタイン	持続型	95	85	96	90	96	8	8
トレサフィール	持続型	94	89	100	94	97	9	1
フジガイフウ	終い伸び型	97	88	94	87	105	6	6
フミサウンド	持続型	101	84	90	87	95	20	1
ポペット	終い伸び型	90	84	83	84	104	7	7
リカントロポ	持続型	103	88	95	94	98	8	8
レッドレナート	加速型	94	84	96	89	96	9	9
#R	202608040410	芝1600	18	109/109/107	107	88	終い伸び型:7,持続型:5,加速型:3,耐久型:2,先行型:1	均衡戦:102,前残り戦:50,瞬発戦:42,持続戦:25,ハイペース耐久戦:11,ハイペース消耗戦:8,ロングスパート戦:7
アヴィオン	終い伸び型	86	78	94	86	99	4	4
アルトゥーム	持続型	102	91	90	91	99	13	13
ウォータークラーク	終い伸び型	104	81	91	80	102	5	5
エポックヴィーナス	終い伸び型	106	93	92	91	102	18	18
キングメーカー	終い伸び型	94	88	88	80	108	5	5
クスクス	耐久型	99	87	99	97	94	8	8
サクセスアイ	持続型	103	97	98	97	98	8	8
スーサンアッシャー	持続型	97	88	83	84	107	11	0
トミーバローズ	加速型	109	79	100	92	91	4	4
ノクナレア	終い伸び型	97	87	87	80	103	7	7
ハギノアルデバラン	終い伸び型	101	92	90	84	102	19	1
フェアリーライク	終い伸び型	109	97	89	88	104	5	5
マトラコーニッシュ	持続型	107	90	95	93	97	12	1
ミカッテヨンデイイ	持続型	92	89	92	89	101	4	4
ミッキージュエリー	耐久型	99	90	102	102	86	7	7
モアリジット	加速型	94	88	100	92	94	6	6
モズカトレア	先行型	97	76	101	98	86	10	0
リゾートアイランド	加速型	97	86	99	90	100	5	5
#R	202605040410	ダ1400	26	107/105/104	104	87	先行型:15,持続型:7,耐久型:3,終い伸び型:1	均衡戦:151,ハイペース耐久戦:124,ハイペース消耗戦:74,前残り戦:17,瞬発戦:10,持続戦:7,ロングスパート戦:6
アジアミッション	持続型	92	90	88	83	102	3	3
アスクアイルビゼア	先行型	96	90	103	102	93	9	9
エイプリルインパリ	先行型	93	91	109	108	78	5	5
カルパ	先行型	99	88	94	91	95	13	13
ガンウルフ	先行型	100	96	105	102	93	6	6
キタノソワレ	耐久型	85	83	89	87	96	4	4
キョウエイカンセ	持続型	97	86	87	86	98	6	6
クインズデネブ	持続型	99	87	91	87	102	12	12
ゲキザル	持続型	91	85	92	90	96	5	5
ゴールデンオスカー	先行型	94	83	97	102	85	4	4
サンダーバース	先行型	107	77	104	101	81	10	10
サンドブラスト	先行型	94	85	101	98	91	13	1
シゲルソロソロ	持続型	104	94	91	89	104	18	18
シャパリュ	先行型	93	86	98	102	88	3	3
スプランドゥール	持続型	91	80	91	85	96	7	7
スペイドアン	先行型	105	78	102	98	86	15	0
セギレエルビエント	先行型	99	93	104	99	90	6	6
ハクサンアイリス	先行型	99	91	101	98	89	10	10
パラサイコロジー	先行型	103	97	108	101	88	3	3
フウセツ	耐久型	92	87	98	94	92	6	6
ホワイトガーベラ	先行型	85	72	90	93	79	2	2
ミカッテヨンデイイ	終い伸び型	101	90	90	86	103	17	0
メイショウタムシバ	先行型	95	87	99	92	97	4	4
ヤマニンアストロン	持続型	99	98	91	87	107	4	4
リゾートアイランド	先行型	97	86	96	90	96	7	0
レッドラパルマ	耐久型	98	94	97	101	93	2	2
#R	202608040411	ダ1800	15	112/111/110	110	93	持続型:7,先行型:5,耐久型:2,加速型:1	均衡戦:108,ハイペース耐久戦:26,ハイペース消耗戦:23,前残り戦:17,持続戦:10,瞬発戦:8,加速戦:1,ロングスパート戦:1
ヴィンセンシオ	持続型	109	93	97	94	100	7	1
シュラザック	持続型	102	93	95	93	102	8	8
タガノバビロン	加速型	111	101	94	96	106	6	6
ナムラエイハブ	先行型	87	83	101	101	83	2	2
パシアンジャン	耐久型	107	99	98	101	98	13	13
バスタードサフラン	先行型	110	92	104	101	95	12	12
ハナウマビーチ	持続型	99	91	89	89	97	9	9
ブルーサン	先行型	106	91	105	105	84	5	5
ペイシャモノノフ	先行型	103	82	102	100	88	5	5
ベルウェザー	持続型	100	95	89	97	100	4	4
マリオロード	持続型	112	99	92	102	96	13	13
ミッキークレスト	耐久型	99	96	94	94	95	7	7
メルカントゥール	持続型	97	87	96	87	99	4	4
モックモック	持続型	110	95	98	92	104	7	7
レアンダー	先行型	98	91	106	105	91	6	6
#R	202605040411	芝1800	18	117/115/113	113	93	終い伸び型:8,持続型:8,耐久型:1,先行型:1	均衡戦:105,瞬発戦:32,前残り戦:28,持続戦:23,ハイペース消耗戦:13,ハイペース耐久戦:11,ロングスパート戦:6,加速戦:1
ウイントワイライト	終い伸び型	101	92	84	79	114	9	1
ヴォンフレ	終い伸び型	93	79	93	84	98	7	7
カネラフィーナ	終い伸び型	97	95	91	88	104	3	3
カムニャック	終い伸び型	117	96	101	97	107	9	1
クイーンズウォーク	持続型	115	102	95	98	106	11	0
クランフォード	持続型	110	96	100	100	98	15	0
ジョスラン	終い伸び型	103	81	97	91	108	3	3
セキトバイースト	持続型	113	95	95	98	94	7	7
チェルビアット	耐久型	112	100	97	106	91	3	3
テリオスララ	終い伸び型	100	87	96	90	100	7	7
ニシノティアモ	持続型	100	94	95	92	101	8	8
ハワイアンティアレ	終い伸び型	102	90	94	89	103	19	1
ミアネーロ	持続型	96	92	95	94	98	5	5
ミラビリスマジック	持続型	89	79	88	77	103	2	2
ムイ	持続型	102	88	82	82	105	11	0
ラヴァンダ	持続型	100	100	97	96	103	3	3
ルージュソリテール	終い伸び型	105	99	101	98	97	5	5
ワタシマツワ	先行型	96	72	96	88	91	11	0
