アクアヴァーナル	1-1-0-0	2-2-0-1
ウエストナウ	0-0-0-0	1-0-0-0
エコロディノス	0-0-0-0	0-0-0-0
キングスコール	0-0-0-1	1-0-0-2
サフィラ	0-0-0-0	0-0-0-1
サヴォーナ	0-1-0-0	1-4-0-1
ショウナンラプンタ	0-0-0-1	1-1-0-2
ダノンシーマ	1-0-0-0	3-0-1-0
ディープモンスター	1-0-0-0	2-0-1-2
ナムラエイハブ	0-0-0-0	0-0-0-0
ファミリータイム	0-2-0-0	0-3-0-0
ブレイヴロッカー	1-0-0-1	1-1-2-2
ヘデントール	0-0-0-0	1-0-0-1
マイネルエンペラー	0-2-0-0	0-2-0-1
ミクニインスパイア	0-0-0-0	0-0-0-0
ミステリーウェイ	0-0-0-1	1-0-1-2
メイショウブレゲ	0-0-1-2	0-0-1-3
ラスカンブレス	0-0-0-0	2-1-0-1
リビアングラス	0-0-1-2	0-0-1-2
ヴェルテンベルク	0-0-0-2	0-0-0-2
ヴェルミセル	0-0-1-0	0-0-1-1
