アクートゥス	0-1-1-1	3-1-3-8
アルセナール	0-0-0-1	0-0-0-1
アルテヴェローチェ	0-0-0-1	0-0-0-4
カルチャーデイ	0-0-0-1	1-0-0-3
ガロンヌ	0-0-0-1	3-1-0-7
クルゼイロドスル	0-0-0-0	0-0-0-1
グレイイングリーン	2-0-0-6	5-4-3-17
ショウナンザナドゥ	0-0-0-0	1-1-0-2
スカイロケット	0-0-1-2	4-1-1-9
スリールミニョン	0-0-0-0	3-0-1-4
セフィロ	0-0-0-0	2-1-2-2
タガノアラリア	0-0-0-0	2-0-0-2
タガノエルピーダ	0-0-0-0	0-1-0-0
ティニア	0-0-0-0	1-2-0-3
デイトナモード	0-0-0-1	0-1-0-4
ビーアストニッシド	0-0-0-1	0-1-0-3
マイネルジェロディ	0-0-0-1	1-1-0-2
マサノカナリア	0-0-1-1	2-0-1-7
ムイ	0-0-0-0	2-0-0-2
ヤブサメ	1-0-0-0	3-1-1-5
ヤンキーバローズ	0-0-0-0	1-1-1-1
ララマセラシオン	1-0-0-0	4-1-0-3
ランフォーヴァウ	1-0-0-0	2-0-0-1
リラエンブレム	0-0-0-0	0-0-0-0
レッドシュヴェルト	0-0-1-0	4-1-1-8
レディマリオン	0-0-0-0	3-1-0-4
