アスティスプマンテ	0-0-0-0	3-5-1-6
ウインアイオライト	0-0-0-0	1-0-0-1
カンティーユ	0-1-1-0	2-3-2-3
クファシル	1-0-0-2	3-1-0-10
サウザンサニー	0-1-2-0	3-3-2-9
ジョーメッドヴィン	1-0-1-3	5-3-6-17
シンバーシア	0-0-0-0	1-0-0-1
ステークホルダー	0-0-0-1	4-4-1-17
ダノンマッキンリー	0-0-0-2	0-0-0-8
ダンツエラン	0-0-0-0	0-0-0-3
ティニア	0-0-0-0	2-2-1-12
ナムラクララ	0-0-0-1	1-2-0-3
ブラックチャリス	0-0-0-0	2-1-0-0
フロムダスク	0-0-0-0	1-0-0-10
マイネルジェロディ	0-0-0-6	3-1-6-21
マーブルパレス	0-0-0-0	4-0-0-1
モズナナスター	1-0-1-1	3-3-1-5
モリノドリーム	2-0-0-2	5-2-0-11
ルシード	1-0-1-0	3-2-1-2
レッドアヴァンティ	0-0-0-0	3-1-1-7
ロードフォアエース	0-0-0-0	3-5-0-4
