	アスクドゥポルテ	福島民報杯 L 12 26年4月12日(日) 福島芝2000m	https://cdnv2.netkeiba.com/img/paddock/2026/71032_0.jpg	https://race.netkeiba.com/race/paddock_movie.html?race_id=202603010211&id=2020101025
	エセルフリーダ	中山牝馬Ｓ GIII 1 26年3月7日(土) 中山芝1800m	https://cdnv2.netkeiba.com/img/paddock/2026/65497_0.jpg	https://race.netkeiba.com/race/paddock_movie.html?race_id=202606020311&id=2021105138
	キャントウェイト	ＷＡＳＪ２ 1 26年8月22日(土) 札幌芝2000m	https://cdnv2.netkeiba.com/img/paddock/2026/90842_0.jpg	https://race.netkeiba.com/race/paddock_movie.html?race_id=202601020111&id=2021102800
	コスモキュランダ	宝塚記念 GI 4 26年6月14日(日) 阪神芝2200m	https://cdnv2.netkeiba.com/img/paddock/2026/80865_0.jpg	https://race.netkeiba.com/race/paddock_movie.html?race_id=202609030411&id=2021106787
	コスモブッドレア	関越Ｓ 16 26年8月8日(土) 新潟芝1800m	https://cdnv2.netkeiba.com/img/paddock/2026/88759_0.jpg	https://race.netkeiba.com/race/paddock_movie.html?race_id=202604020507&id=2021106782
	ジューンテイク	宝塚記念 GI 8 26年6月14日(日) 阪神芝2200m	https://cdnv2.netkeiba.com/img/paddock/2026/80872_0.jpg	https://race.netkeiba.com/race/paddock_movie.html?race_id=202609030411&id=2021100913
	セイウンプラチナ	ダイヤモンド GIII 8 25年2月22日(土) 東京芝3400m		https://race.netkeiba.com/race/paddock_movie.html?race_id=202505010711&id=2019102628
	パンジャ	サンシャイン 1 26年4月19日(日) 中山芝2200m	https://cdnv2.netkeiba.com/img/paddock/2026/72404_0.jpg	https://race.netkeiba.com/race/paddock_movie.html?race_id=202606030812&id=2021105155
	メイショウゲキリン	障害３歳以上未勝利 6 26年8月23日(日) 中京障3000m	https://cdnv2.netkeiba.com/img/paddock/2026/91588_0.jpg	https://race.netkeiba.com/race/paddock_movie.html?race_id=202607030209&id=2019104092
	リビアングラス	福島民報杯 L 5 26年4月12日(日) 福島芝2000m	https://cdnv2.netkeiba.com/img/paddock/2026/71033_0.jpg	https://race.netkeiba.com/race/paddock_movie.html?race_id=202603010211&id=2020105633
	レガレイラ	宝塚記念 GI 7 26年6月14日(日) 阪神芝2200m	https://cdnv2.netkeiba.com/img/paddock/2026/80866_0.jpg	https://race.netkeiba.com/race/paddock_movie.html?race_id=202609030411&id=2021105898
	ワイドエンペラー	メトロポリタ L 11 26年5月10日(日) 東京芝2400m	https://cdnv2.netkeiba.com/img/paddock/2026/75786_0.jpg	https://race.netkeiba.com/race/paddock_movie.html?race_id=202605020610&id=2018101660
	ヴーレヴー	クイーンＳ GIII 3 26年8月2日(日) 札幌芝1800m	https://cdnv2.netkeiba.com/img/paddock/2026/88093_0.jpg	https://race.netkeiba.com/race/paddock_movie.html?race_id=202601010411&id=2022104617
