1	ママコチャ	高松宮記念 GI 9 26年3月29日(日) 中京芝1200m	https://cdnv2.netkeiba.com/img/paddock/2026/69243_0.jpg	https://race.netkeiba.com/race/paddock_movie.html?race_id=202607010611&id=2019105394
2	クラスペディア	ＣＢＣ賞 GIII 11 26年8月9日(日) 中京芝1200m	https://cdnv2.netkeiba.com/img/paddock/2026/89390_0.jpg	https://race.netkeiba.com/race/paddock_movie.html?race_id=202607020607&id=2022106394
3	フリッカージャブ	北九州記念 GIII 1 26年7月5日(日) 小倉芝1200m	https://cdnv2.netkeiba.com/img/paddock/2026/84123_0.jpg	https://race.netkeiba.com/race/paddock_movie.html?race_id=202610020411&id=2022102020
4	ティニア	青函Ｓ  5 26年6月27日(土) 函館芝1200m	https://cdnv2.netkeiba.com/img/paddock/2026/82294_0.jpg	https://race.netkeiba.com/race/paddock_movie.html?race_id=202602010511&id=2020110090
5	ダイヤモンドノット	ＮＨＫマイル GI 5 26年5月10日(日) 東京芝1600m	https://cdnv2.netkeiba.com/img/paddock/2026/75810_0.jpg	https://race.netkeiba.com/race/paddock_movie.html?race_id=202605020611&id=2023105685
6	プロトポロス	ＣＢＣ賞 GIII 4 26年8月9日(日) 中京芝1200m	https://cdnv2.netkeiba.com/img/paddock/2026/89493_0.jpg	https://race.netkeiba.com/race/paddock_movie.html?race_id=202607020607&id=2020103325
7	メイショウヨゾラ	会津Ｓ  1 26年7月11日(土) 福島芝1200m	https://cdnv2.netkeiba.com/img/paddock/2026/84578_0.jpg	https://race.netkeiba.com/race/paddock_movie.html?race_id=202603020510&id=2021101580
9	ピューロマジック	アイビスＳＤ GIII 1 26年8月2日(日) 新潟芝1000m	https://cdnv2.netkeiba.com/img/paddock/2026/88204_0.jpg	https://race.netkeiba.com/race/paddock_movie.html?race_id=202604020407&id=2021107058
10	ヤブサメ	朱鷺Ｓ L 12 26年8月22日(土) 新潟芝1400m	https://cdnv2.netkeiba.com/img/paddock/2026/90947_0.jpg	https://race.netkeiba.com/race/paddock_movie.html?race_id=202604030107&id=2021103116
11	ヨシノイースター	北九州記念 GIII 3 26年7月5日(日) 小倉芝1200m	https://cdnv2.netkeiba.com/img/paddock/2026/84131_0.jpg	https://race.netkeiba.com/race/paddock_movie.html?race_id=202610020411&id=2018106055
12	レッドモンレーヴ	高松宮記念 GI 2 26年3月29日(日) 中京芝1200m	https://cdnv2.netkeiba.com/img/paddock/2026/69233_0.jpg	https://race.netkeiba.com/race/paddock_movie.html?race_id=202607010611&id=2019105496
13	カルプスペルシュ	函館ＳＳ GIII 5 26年6月13日(土) 函館芝1200m	https://cdnv2.netkeiba.com/img/paddock/2026/80058_0.jpg	https://race.netkeiba.com/race/paddock_movie.html?race_id=202602010111&id=2022104960
14	タマモブラックタイ	ＣＢＣ賞 GIII 16 26年8月9日(日) 中京芝1200m	https://cdnv2.netkeiba.com/img/paddock/2026/89398_0.jpg	https://race.netkeiba.com/race/paddock_movie.html?race_id=202607020607&id=2020105400
15	ビッグシーザー	アイビスＳＤ GIII 4 26年8月2日(日) 新潟芝1000m	https://cdnv2.netkeiba.com/img/paddock/2026/88208_0.jpg	https://race.netkeiba.com/race/paddock_movie.html?race_id=202604020407&id=2020100896
16	タマモイカロス	ＣＢＣ賞 GIII 6 26年8月9日(日) 中京芝1200m	https://cdnv2.netkeiba.com/img/paddock/2026/89384_0.jpg	https://race.netkeiba.com/race/paddock_movie.html?race_id=202607020607&id=2023103162
