1	ウェイクフィールド	ライラック賞 10 26年7月25日(土) 札幌芝2600m	https://cdnv2.netkeiba.com/img/paddock/2026/86590_0.jpg	https://race.netkeiba.com/race/paddock_movie.html?race_id=202601010110&id=2023103500
2	アウダーシア	東京優駿 GI 11 26年5月31日(日) 東京芝2400m	https://cdnv2.netkeiba.com/img/paddock/2026/78857_0.jpg	https://race.netkeiba.com/race/paddock_movie.html?race_id=202605021211&id=2023107321
3	バドリナート	ラジＮＩＫ賞 GIII 4 26年6月28日(日) 福島芝1800m	https://cdnv2.netkeiba.com/img/paddock/2026/82896_0.jpg	https://race.netkeiba.com/race/paddock_movie.html?race_id=202603020211&id=2023107278
4	リッツパーティー	ラジＮＩＫ賞 GIII 3 26年6月28日(日) 福島芝1800m	https://cdnv2.netkeiba.com/img/paddock/2026/82897_0.jpg	https://race.netkeiba.com/race/paddock_movie.html?race_id=202603020211&id=2023104224
5	アスクエジンバラ	東京優駿 GI 10 26年5月31日(日) 東京芝2400m	https://cdnv2.netkeiba.com/img/paddock/2026/78855_0.jpg	https://race.netkeiba.com/race/paddock_movie.html?race_id=202605021211&id=2023106400
6	サヴォアフェール	木曽川特別 1 26年7月26日(日) 中京芝2000m	https://cdnv2.netkeiba.com/img/paddock/2026/87437_0.jpg	https://race.netkeiba.com/race/paddock_movie.html?race_id=202607020206&id=2023105645
7	ジャスティンシカゴ	３歳以上１勝クラス 1 26年6月14日(日) 東京芝2000m	https://cdnv2.netkeiba.com/img/paddock/2026/80658_0.jpg	https://race.netkeiba.com/race/paddock_movie.html?race_id=202605030407&id=2023106924
8	ゴーイントゥスカイ	東京優駿 GI 4 26年5月31日(日) 東京芝2400m	https://cdnv2.netkeiba.com/img/paddock/2026/78858_0.jpg	https://race.netkeiba.com/race/paddock_movie.html?race_id=202605021211&id=2023105378
9	サノノグレーター	ラジＮＩＫ賞 GIII 1 26年6月28日(日) 福島芝1800m	https://cdnv2.netkeiba.com/img/paddock/2026/82891_0.jpg	https://race.netkeiba.com/race/paddock_movie.html?race_id=202603020211&id=2023100724
10	バステール	東京優駿 GI 3 26年5月31日(日) 東京芝2400m	https://cdnv2.netkeiba.com/img/paddock/2026/78861_0.jpg	https://race.netkeiba.com/race/paddock_movie.html?race_id=202605021211&id=2023107247
11	ミリオンクラウン	ＷＡＳＪ４ 1 26年8月23日(日) 札幌芝1800m	https://cdnv2.netkeiba.com/img/paddock/2026/91325_0.jpg	https://race.netkeiba.com/race/paddock_movie.html?race_id=202601020212&id=2023100840
12	ラージアンサンブル	皐月賞 GI 8 26年4月19日(日) 中山芝2000m	https://cdnv2.netkeiba.com/img/paddock/2026/72560_0.jpg	https://race.netkeiba.com/race/paddock_movie.html?race_id=202606030811&id=2023105560
13	フウセン	３歳以上１勝クラス 1 26年7月18日(土) 小倉芝2000m	https://cdnv2.netkeiba.com/img/paddock/2026/85797_0.jpg	https://race.netkeiba.com/race/paddock_movie.html?race_id=202610020708&id=2023104552
14	ティラーノ	燕特別 10 26年8月1日(土) 新潟芝2200m	https://cdnv2.netkeiba.com/img/paddock/2026/87747_0.jpg	https://race.netkeiba.com/race/paddock_movie.html?race_id=202604020308&id=2023101855
15	エリプティクカーブ	稲城特別 1 26年6月6日(土) 東京芝2400m	https://cdnv2.netkeiba.com/img/paddock/2026/79243_0.jpg	https://race.netkeiba.com/race/paddock_movie.html?race_id=202605030109&id=2023103908
16	ラディアントスター	京都新聞杯 GII 3 26年5月9日(土) 京都芝2200m	https://cdnv2.netkeiba.com/img/paddock/2026/75459_0.jpg	https://race.netkeiba.com/race/paddock_movie.html?race_id=202608030511&id=2023107250
