	アサクサグレース	紫川Ｓ 8 26年6月28日(日) 小倉芝1200m	https://cdnv2.netkeiba.com/img/paddock/2026/83045_0.jpg	https://race.netkeiba.com/race/paddock_movie.html?race_id=202610020211&id=2022100547
	アスミル	ＷＡＳＪ１ 1 26年8月22日(土) 札幌芝1200m	https://cdnv2.netkeiba.com/img/paddock/2026/90821_0.jpg	https://race.netkeiba.com/race/paddock_movie.html?race_id=202601020110&id=2023104960
	アンビバレント	日高Ｓ 7 26年8月30日(日) 札幌芝1500m	https://cdnv2.netkeiba.com/img/paddock/2026/92397_0.jpg	https://race.netkeiba.com/race/paddock_movie.html?race_id=202601020411&id=2020102140
	インブロリオ	耶馬渓特別 1 26年7月11日(土) 小倉芝1200m	https://cdnv2.netkeiba.com/img/paddock/2026/84738_0.jpg	https://race.netkeiba.com/race/paddock_movie.html?race_id=202610020510&id=2022101686
	コト	長篠Ｓ 11 26年8月29日(土) 中京芝1400m	https://cdnv2.netkeiba.com/img/paddock/2026/92189_0.jpg	https://race.netkeiba.com/race/paddock_movie.html?race_id=202607030307&id=2021101019
	サムハンター	ＴＶｈ杯 5 26年7月4日(土) 函館芝1200m	https://cdnv2.netkeiba.com/img/paddock/2026/83358_0.jpg	https://race.netkeiba.com/race/paddock_movie.html?race_id=202602010711&id=2018105996
	ダークエクリプス	長篠Ｓ 13 26年8月29日(土) 中京芝1400m	https://cdnv2.netkeiba.com/img/paddock/2026/92196_0.jpg	https://race.netkeiba.com/race/paddock_movie.html?race_id=202607030307&id=2019106739
	チューラワンサ	新潟日報賞 6 26年7月25日(土) 新潟芝1400m	https://cdnv2.netkeiba.com/img/paddock/2026/86697_0.jpg	https://race.netkeiba.com/race/paddock_movie.html?race_id=202604020107&id=2022104918
	ディアドコス	渡月橋Ｓ 8 26年5月31日(日) 京都芝1400m	https://cdnv2.netkeiba.com/img/paddock/2026/79031_0.jpg	https://race.netkeiba.com/race/paddock_movie.html?race_id=202608031212&id=2020105409
	トーセントラム	セプテンバー 7 26年9月6日(日) 中山芝1200m	https://cdnv2.netkeiba.com/img/paddock/2026/93600_0.jpg	https://race.netkeiba.com/race/paddock_movie.html?race_id=202606040210&id=2020102535
	ポエットリー	長篠Ｓ 9 26年8月29日(土) 中京芝1400m	https://cdnv2.netkeiba.com/img/paddock/2026/92192_0.jpg	https://race.netkeiba.com/race/paddock_movie.html?race_id=202607030307&id=2021105202
	マリノトニトゥルス	大日岳特別 1 26年5月23日(土) 新潟芝1200m	https://cdnv2.netkeiba.com/img/paddock/2026/77331_0.jpg	https://race.netkeiba.com/race/paddock_movie.html?race_id=202604010711&id=2022101290
	ミカッテヨンデイイ	アイビスＳＤ GIII 15 26年8月2日(日) 新潟芝1000m	https://cdnv2.netkeiba.com/img/paddock/2026/88214_0.jpg	https://race.netkeiba.com/race/paddock_movie.html?race_id=202604020407&id=2020103049
	ミロワール	テレＱ杯 4 26年7月18日(土) 小倉芝1200m	https://cdnv2.netkeiba.com/img/paddock/2026/85833_0.jpg	https://race.netkeiba.com/race/paddock_movie.html?race_id=202610020711&id=2019100566
	メルトユアハート	ＴＶｈ賞 2 26年7月25日(土) 札幌芝1200m	https://cdnv2.netkeiba.com/img/paddock/2026/86598_0.jpg	https://race.netkeiba.com/race/paddock_movie.html?race_id=202601010111&id=2021100143
	モーデン	稲妻Ｓ 3 26年8月16日(日) 新潟芝1000m	https://cdnv2.netkeiba.com/img/paddock/2026/90313_0.jpg	https://race.netkeiba.com/race/paddock_movie.html?race_id=202604020806&id=2018100442
	ユウファラオ	長篠Ｓ 10 26年8月29日(土) 中京芝1400m	https://cdnv2.netkeiba.com/img/paddock/2026/92198_0.jpg	https://race.netkeiba.com/race/paddock_movie.html?race_id=202607030307&id=2023110065
	ルーフ	セプテンバー 5 26年9月6日(日) 中山芝1200m	https://cdnv2.netkeiba.com/img/paddock/2026/93604_0.jpg	https://race.netkeiba.com/race/paddock_movie.html?race_id=202606040210&id=2020104194
	ロードマイライフ	長篠Ｓ 7 26年8月29日(土) 中京芝1400m	https://cdnv2.netkeiba.com/img/paddock/2026/92186_0.jpg	https://race.netkeiba.com/race/paddock_movie.html?race_id=202607030307&id=2021103312
