1	タイセイブレイズ	天保山Ｓ 9 26年6月20日(土) 阪神ダ1400m	https://cdnv2.netkeiba.com/img/paddock/2026/81508_0.jpg	https://race.netkeiba.com/race/paddock_movie.html?race_id=202609030511&id=2018102969
2	ノーブルロジャー	東海Ｓ GIII 7 26年7月26日(日) 中京ダ1400m	https://cdnv2.netkeiba.com/img/paddock/2026/87305_0.jpg	https://race.netkeiba.com/race/paddock_movie.html?race_id=202607020207&id=2021110148
3	フェルヴェンテ	阿蘇Ｓ 7 26年7月12日(日) 小倉ダ1700m	https://cdnv2.netkeiba.com/img/paddock/2026/85208_0.jpg	https://race.netkeiba.com/race/paddock_movie.html?race_id=202610020611&id=2020102045
4	ゴッドブルービー	阿蘇Ｓ 5 26年7月12日(日) 小倉ダ1700m	https://cdnv2.netkeiba.com/img/paddock/2026/85247_0.jpg	https://race.netkeiba.com/race/paddock_movie.html?race_id=202610020611&id=2020106063
5	マニバドラ	福島テレビ賞 16 26年7月19日(日) 福島ダ1150m	https://cdnv2.netkeiba.com/img/paddock/2026/86159_0.jpg	https://race.netkeiba.com/race/paddock_movie.html?race_id=202603020811&id=2020110105
6	ペイシャケイプ	欅ステークス 2 26年5月23日(土) 東京ダ1400m	https://cdnv2.netkeiba.com/img/paddock/2026/77516_0.jpg	https://race.netkeiba.com/race/paddock_movie.html?race_id=202605020911&id=2022104219
7	グランキングオー	宮崎Ｓ 1 26年7月19日(日) 小倉ダ1700m	https://cdnv2.netkeiba.com/img/paddock/2026/86311_0.jpg	https://race.netkeiba.com/race/paddock_movie.html?race_id=202610020810&id=2022100664
8	トリリオンボーイ	東海Ｓ GIII 6 26年7月26日(日) 中京ダ1400m	https://cdnv2.netkeiba.com/img/paddock/2026/87306_0.jpg	https://race.netkeiba.com/race/paddock_movie.html?race_id=202607020207&id=2022102493
9	エスカル	ＮＳＴ賞 14 26年8月16日(日) 新潟ダ1200m	https://cdnv2.netkeiba.com/img/paddock/2026/90332_0.jpg	https://race.netkeiba.com/race/paddock_movie.html?race_id=202604020807&id=2021110069
10	ルークススペイ	天保山Ｓ 6 26年6月20日(土) 阪神ダ1400m	https://cdnv2.netkeiba.com/img/paddock/2026/81509_0.jpg	https://race.netkeiba.com/race/paddock_movie.html?race_id=202609030511&id=2022101543
11	リジル	水無月Ｓ 9 26年6月7日(日) 阪神ダ1200m	https://cdnv2.netkeiba.com/img/paddock/2026/79463_0.jpg	https://race.netkeiba.com/race/paddock_movie.html?race_id=202609030211&id=2021101457
12	ムイ	安土城Ｓ L 15 26年5月31日(日) 京都芝1400m	https://cdnv2.netkeiba.com/img/paddock/2026/79007_0.jpg	https://race.netkeiba.com/race/paddock_movie.html?race_id=202608031210&id=2022102408
