	アガシ	水無月Ｓ 14 26年6月7日(日) 阪神ダ1200m	https://cdnv2.netkeiba.com/img/paddock/2026/79468_0.jpg	https://race.netkeiba.com/race/paddock_movie.html?race_id=202609030211&id=2021100653
	エコロエイト	京葉Ｓ L 9 26年4月19日(日) 中山ダ1200m	https://cdnv2.netkeiba.com/img/paddock/2026/72245_0.jpg	https://race.netkeiba.com/race/paddock_movie.html?race_id=202606030810&id=2021110104
	エンヤラヴフェイス	上越Ｓ 1 26年8月15日(土) 新潟ダ1200m	https://cdnv2.netkeiba.com/img/paddock/2026/89846_0.jpg	https://race.netkeiba.com/race/paddock_movie.html?race_id=202604020707&id=2021101737
	グッジョブ	福島テレビ賞 10 26年7月19日(日) 福島ダ1150m	https://cdnv2.netkeiba.com/img/paddock/2026/86160_0.jpg	https://race.netkeiba.com/race/paddock_movie.html?race_id=202603020811&id=2020101182
	ケイアイアニラ	福島テレビ賞 15 26年7月19日(日) 福島ダ1150m	https://cdnv2.netkeiba.com/img/paddock/2026/86156_0.jpg	https://race.netkeiba.com/race/paddock_movie.html?race_id=202603020811&id=2020104228
	コンクイスタ	ＮＳＴ賞 4 26年8月16日(日) 新潟ダ1200m	https://cdnv2.netkeiba.com/img/paddock/2026/90330_0.jpg	https://race.netkeiba.com/race/paddock_movie.html?race_id=202604020807&id=2020106557
	サトノカルナバル	谷川岳Ｓ L 5 26年5月10日(日) 新潟芝1400m	https://cdnv2.netkeiba.com/img/paddock/2026/75635_0.jpg	https://race.netkeiba.com/race/paddock_movie.html?race_id=202604010411&id=2022105128
	スマートフォルス	天保山Ｓ 8 26年6月20日(土) 阪神ダ1400m	https://cdnv2.netkeiba.com/img/paddock/2026/81515_0.jpg	https://race.netkeiba.com/race/paddock_movie.html?race_id=202609030511&id=2020101707
	ゼットエール	陽春Ｓ 1 26年4月19日(日) 阪神ダ1200m	https://cdnv2.netkeiba.com/img/paddock/2026/72304_0.jpg	https://race.netkeiba.com/race/paddock_movie.html?race_id=202609020810&id=2022107278
	ドンレパルス	初風Ｓ 1 26年9月13日(日) 中山ダ1200m	https://cdnv2.netkeiba.com/img/paddock/2026/94325_0.jpg	https://race.netkeiba.com/race/paddock_movie.html?race_id=202606040410&id=2019100553
	ペプチドヤマト	ＣＢＣ賞 GIII 15 26年8月9日(日) 中京芝1200m	https://cdnv2.netkeiba.com/img/paddock/2026/89394_0.jpg	https://race.netkeiba.com/race/paddock_movie.html?race_id=202607020607&id=2019103605
	メイショウホウレン	福島テレビ賞 4 26年7月19日(日) 福島ダ1150m	https://cdnv2.netkeiba.com/img/paddock/2026/86157_0.jpg	https://race.netkeiba.com/race/paddock_movie.html?race_id=202603020811&id=2021103716
	ルージュラナキラ	青函Ｓ 12 26年6月27日(土) 函館芝1200m	https://cdnv2.netkeiba.com/img/paddock/2026/82293_0.jpg	https://race.netkeiba.com/race/paddock_movie.html?race_id=202602010511&id=2022102434
	ロードアウォード	福島テレビ賞 8 26年7月19日(日) 福島ダ1150m	https://cdnv2.netkeiba.com/img/paddock/2026/86154_0.jpg	https://race.netkeiba.com/race/paddock_movie.html?race_id=202603020811&id=2020100162
	ロードフロンティア	ラジオ日本賞 3 26年9月12日(土) 中山ダ1200m	https://cdnv2.netkeiba.com/img/paddock/2026/94022_0.jpg	https://race.netkeiba.com/race/paddock_movie.html?race_id=202606040311&id=2021100161
	ロードラディウス	令月Ｓ 12 26年2月22日(日) 阪神ダ1200m	https://cdnv2.netkeiba.com/img/paddock/2026/64032_0.jpg	https://race.netkeiba.com/race/paddock_movie.html?race_id=202609010211&id=2020100168
