	アイキャンドウイッ	有松特別  8 26年8月23日(日) 中京芝1600m	https://cdnv2.netkeiba.com/img/paddock/2026/91550_0.jpg	https://race.netkeiba.com/race/paddock_movie.html?race_id=202607030206&id=2019105793
	コスモイシュタル	猪苗代特別  3 26年7月19日(日) 福島芝2000m	https://cdnv2.netkeiba.com/img/paddock/2026/86147_0.jpg	https://race.netkeiba.com/race/paddock_movie.html?race_id=202603020810&id=2022106825
	サンライズバブル	能勢特別  4 26年9月13日(日) 阪神芝2000m	https://cdnv2.netkeiba.com/img/paddock/2026/94462_0.jpg	https://race.netkeiba.com/race/paddock_movie.html?race_id=202609040409&id=2022102604
	ジェットブレード	熊野特別  4 26年8月30日(日) 中京芝2200m	https://cdnv2.netkeiba.com/img/paddock/2026/92670_0.jpg	https://race.netkeiba.com/race/paddock_movie.html?race_id=202607030408&id=2022103522
	ジャンビ	赤倉特別  11 26年8月29日(土) 新潟芝2000m	https://cdnv2.netkeiba.com/img/paddock/2026/92033_0.jpg	https://race.netkeiba.com/race/paddock_movie.html?race_id=202604030307&id=2021103878
	スイートオレンジ	熊野特別  5 26年8月30日(日) 中京芝2200m	https://cdnv2.netkeiba.com/img/paddock/2026/92673_0.jpg	https://race.netkeiba.com/race/paddock_movie.html?race_id=202607030408&id=2022103494
	ダノンカゼルタ	武田尾特別  6 26年9月6日(日) 阪神芝1600m	https://cdnv2.netkeiba.com/img/paddock/2026/93727_0.jpg	https://race.netkeiba.com/race/paddock_movie.html?race_id=202609040208&id=2022104719
	トレミニョン	かもめ島特別  9 26年7月19日(日) 函館芝1800m	https://cdnv2.netkeiba.com/img/paddock/2026/85956_0.jpg	https://race.netkeiba.com/race/paddock_movie.html?race_id=202602011209&id=2021105144
	ドナルンバ	３歳以上１勝クラス  1 26年7月11日(土) 福島芝2000m	https://cdnv2.netkeiba.com/img/paddock/2026/85259_0.jpg	https://race.netkeiba.com/race/paddock_movie.html?race_id=202603020507&id=2023103472
	ハニードレス	札幌日刊Ｓ杯  3 26年8月29日(土) 札幌芝2000m	https://cdnv2.netkeiba.com/img/paddock/2026/91909_0.jpg	https://race.netkeiba.com/race/paddock_movie.html?race_id=202601020311&id=2022105394
	フナデ	ＨＴＢ賞  10 26年9月6日(日) 札幌芝1800m	https://cdnv2.netkeiba.com/img/paddock/2026/93430_0.jpg	https://race.netkeiba.com/race/paddock_movie.html?race_id=202601020610&id=2021103790
	プリズマジコ	阿賀野川特別  中 26年8月15日(土) 新潟芝2200m	https://cdnv2.netkeiba.com/img/paddock/2026/89831_0.jpg	https://race.netkeiba.com/race/paddock_movie.html?race_id=202604020706&id=2021106077
	ベネスピラ	ＷＡＳＪ４  12 26年8月23日(日) 札幌芝1800m	https://cdnv2.netkeiba.com/img/paddock/2026/91322_0.jpg	https://race.netkeiba.com/race/paddock_movie.html?race_id=202601020212&id=2022102745
	マイネルバーテクス	札幌日刊Ｓ杯  11 26年8月29日(土) 札幌芝2000m	https://cdnv2.netkeiba.com/img/paddock/2026/91910_0.jpg	https://race.netkeiba.com/race/paddock_movie.html?race_id=202601020311&id=2021106827
	ミツカネベネラ	優駿牝馬 GI 16 26年5月24日(日) 東京芝2400m	https://cdnv2.netkeiba.com/img/paddock/2026/78061_0.jpg	https://race.netkeiba.com/race/paddock_movie.html?race_id=202605021011&id=2023104523
	ルージュボヤージュ	ラジＮＩＫ賞 GIII 10 26年6月28日(日) 福島芝1800m	https://cdnv2.netkeiba.com/img/paddock/2026/82888_0.jpg	https://race.netkeiba.com/race/paddock_movie.html?race_id=202603020211&id=2023103386
	レイヤードレッド	九十九里特別  6 26年9月19日(土) 中山芝2500m	https://cdnv2.netkeiba.com/img/paddock/2026/94742_0.jpg	https://race.netkeiba.com/race/paddock_movie.html?race_id=202606040510&id=2022103310
