	エムズマインド	リボン賞 7 26年6月14日(日) 阪神ダ1200m	https://cdnv2.netkeiba.com/img/paddock/2026/80888_0.jpg	https://race.netkeiba.com/race/paddock_movie.html?race_id=202609030412&id=2020101641
	ギーロカスタル	リボン賞 10 26年6月14日(日) 阪神ダ1200m	https://cdnv2.netkeiba.com/img/paddock/2026/80883_0.jpg	https://race.netkeiba.com/race/paddock_movie.html?race_id=202609030412&id=2020104845
	クールブロン	立夏Ｓ 3 26年5月10日(日) 東京ダ1600m	https://cdnv2.netkeiba.com/img/paddock/2026/75820_0.jpg	https://race.netkeiba.com/race/paddock_movie.html?race_id=202605020612&id=2020102724
	クアトロジャック	高瀬川Ｓ 13 26年5月24日(日) 京都ダ1200m	https://cdnv2.netkeiba.com/img/paddock/2026/78211_0.jpg	https://race.netkeiba.com/race/paddock_movie.html?race_id=202608031010&id=2021106105
	サンダーバース	リボン賞 15 26年6月14日(日) 阪神ダ1200m	https://cdnv2.netkeiba.com/img/paddock/2026/80887_0.jpg	https://race.netkeiba.com/race/paddock_movie.html?race_id=202609030412&id=2021103582
	シゲルソロソロ	桶狭間Ｓ 7 26年8月1日(土) 中京ダ1400m	https://cdnv2.netkeiba.com/img/paddock/2026/87885_0.jpg	https://race.netkeiba.com/race/paddock_movie.html?race_id=202607020306&id=2020110100
	ジャーヴィス	釜山Ｓ 4 26年7月11日(土) 小倉ダ1000m	https://cdnv2.netkeiba.com/img/paddock/2026/84751_0.jpg	https://race.netkeiba.com/race/paddock_movie.html?race_id=202610020511&id=2020103902
	セミマル	麦秋Ｓ 10 26年6月6日(土) 東京ダ1400m	https://cdnv2.netkeiba.com/img/paddock/2026/79277_0.jpg	https://race.netkeiba.com/race/paddock_movie.html?race_id=202605030111&id=2020104893
	テリフィックプラン	ＢＳイレブン 14 26年5月17日(日) 東京ダ1400m	https://cdnv2.netkeiba.com/img/paddock/2026/76908_0.jpg	https://race.netkeiba.com/race/paddock_movie.html?race_id=202605020812&id=2021110127
	ナッカーフェイス	桶狭間Ｓ 6 26年8月1日(土) 中京ダ1400m	https://cdnv2.netkeiba.com/img/paddock/2026/87892_0.jpg	https://race.netkeiba.com/race/paddock_movie.html?race_id=202607020306&id=2019100110
	ハリーケーン	薩摩Ｓ 13 26年6月27日(土) 小倉ダ1700m	https://cdnv2.netkeiba.com/img/paddock/2026/82587_0.jpg	https://race.netkeiba.com/race/paddock_movie.html?race_id=202610020111&id=2022106453
	ピエマンソン	桶狭間Ｓ 2 26年8月1日(土) 中京ダ1400m	https://cdnv2.netkeiba.com/img/paddock/2026/87889_0.jpg	https://race.netkeiba.com/race/paddock_movie.html?race_id=202607020306&id=2022100204
	メイショウカシワデ	ラジオ福島賞 1 26年4月18日(土) 福島ダ1700m	https://cdnv2.netkeiba.com/img/paddock/2026/71623_0.jpg	https://race.netkeiba.com/race/paddock_movie.html?race_id=202603010311&id=2021103154
	モンシュマン	多摩川Ｓ 6 26年6月21日(日) 東京芝1400m	https://cdnv2.netkeiba.com/img/paddock/2026/81831_0.jpg	https://race.netkeiba.com/race/paddock_movie.html?race_id=202605030610&id=2021105054
	ヨリノレジェンド	オーストラＴ 1 26年5月23日(土) 京都ダ1400m	https://cdnv2.netkeiba.com/img/paddock/2026/77723_0.jpg	https://race.netkeiba.com/race/paddock_movie.html?race_id=202608030912&id=2022102202
	ルグランヴァン	夏至Ｓ 7 26年6月13日(土) 東京ダ1600m	https://cdnv2.netkeiba.com/img/paddock/2026/80203_0.jpg	https://race.netkeiba.com/race/paddock_movie.html?race_id=202605030310&id=2022105775
