1	ノラリクラリ	青嵐賞 7 26年5月31日(日) 東京芝2400m	https://cdnv2.netkeiba.com/img/paddock/2026/78821_0.jpg	https://race.netkeiba.com/race/paddock_movie.html?race_id=202605021208&id=2022105633
2	トリニティ	優駿牝馬 GI 10 26年5月24日(日) 東京芝2400m	https://cdnv2.netkeiba.com/img/paddock/2026/78055_0.jpg	https://race.netkeiba.com/race/paddock_movie.html?race_id=202605021011&id=2023103492
3	カレンラップスター	英彦山特別 1 26年7月11日(土) 小倉芝2600m	https://cdnv2.netkeiba.com/img/paddock/2026/84720_0.jpg	https://race.netkeiba.com/race/paddock_movie.html?race_id=202610020509&id=2022104723
4	モルトマエストーソ	信夫山特別 14 26年7月11日(土) 福島芝2600m	https://cdnv2.netkeiba.com/img/paddock/2026/84557_0.jpg	https://race.netkeiba.com/race/paddock_movie.html?race_id=202603020509&id=2021105838
5	レイヤードレッド	ライラック賞 9 26年7月25日(土) 札幌芝2600m	https://cdnv2.netkeiba.com/img/paddock/2026/86584_0.jpg	https://race.netkeiba.com/race/paddock_movie.html?race_id=202601010110&id=2022103310
6	ウイナーズナイン	ホープフルＳ GI 13 25年12月27日(土) 中山芝2000m		https://race.netkeiba.com/race/paddock_movie.html?race_id=202506050711&id=2023102820
7	ブリヤディアマンテ	阿寒湖特別 4 26年8月16日(日) 札幌芝2600m	https://cdnv2.netkeiba.com/img/paddock/2026/90242_0.jpg	https://race.netkeiba.com/race/paddock_movie.html?race_id=202601010812&id=2022104856
8	リュクスパトロール	開成山特別 1 26年7月18日(土) 福島芝2600m	https://cdnv2.netkeiba.com/img/paddock/2026/85666_0.jpg	https://race.netkeiba.com/race/paddock_movie.html?race_id=202603020709&id=2023105259
9	アロンズロッド	猪苗代特別 2 26年7月19日(日) 福島芝2000m	https://cdnv2.netkeiba.com/img/paddock/2026/86143_0.jpg	https://race.netkeiba.com/race/paddock_movie.html?race_id=202603020810&id=2022104635
10	ダノンピクチャー	阿賀野川特別 9 26年8月15日(土) 新潟芝2200m	https://cdnv2.netkeiba.com/img/paddock/2026/89829_0.jpg	https://race.netkeiba.com/race/paddock_movie.html?race_id=202604020706&id=2022104980
11	キンググローリー	信夫山特別 2 26年7月11日(土) 福島芝2600m	https://cdnv2.netkeiba.com/img/paddock/2026/84567_0.jpg	https://race.netkeiba.com/race/paddock_movie.html?race_id=202603020509&id=2023100021
12	マイバレンタイン	浜名湖特別 3 26年8月9日(日) 中京芝2000m	https://cdnv2.netkeiba.com/img/paddock/2026/89383_0.jpg	https://race.netkeiba.com/race/paddock_movie.html?race_id=202607020606&id=2023106283
