	アドマイヤクワッズ	ＮＨＫマイル GI 3 26年5月10日(日) 東京芝1600m	https://cdnv2.netkeiba.com/img/paddock/2026/75801_0.jpg	https://race.netkeiba.com/race/paddock_movie.html?race_id=202605020611&id=2023105311
	エルトンバローズ	関屋記念 GIII 5 26年7月26日(日) 新潟芝1600m	https://cdnv2.netkeiba.com/img/paddock/2026/87156_0.jpg	https://race.netkeiba.com/race/paddock_movie.html?race_id=202604020207&id=2020100680
	クルゼイロドスル	京成杯ＡＨ GIII 10 26年9月5日(土) 中山芝1600m	https://cdnv2.netkeiba.com/img/paddock/2026/93148_0.jpg	https://race.netkeiba.com/race/paddock_movie.html?race_id=202606040111&id=2020101813
	サトノシャイニング	中京記念 GIII 3 26年8月16日(日) 中京芝1600m	https://cdnv2.netkeiba.com/img/paddock/2026/90478_0.jpg	https://race.netkeiba.com/race/paddock_movie.html?race_id=202607020807&id=2022101420
	シャンパンカラー	安田記念 GI 12 26年6月7日(日) 東京芝1600m	https://cdnv2.netkeiba.com/img/paddock/2026/79488_0.jpg	https://race.netkeiba.com/race/paddock_movie.html?race_id=202605030211&id=2020103075
	セイウンハーデス	安田記念 GI 4 26年6月7日(日) 東京芝1600m	https://cdnv2.netkeiba.com/img/paddock/2026/79490_0.jpg	https://race.netkeiba.com/race/paddock_movie.html?race_id=202605030211&id=2019102632
	ダノンエアズロック	ジューンＳ 3 26年6月13日(土) 東京芝1800m	https://cdnv2.netkeiba.com/img/paddock/2026/80217_0.jpg	https://race.netkeiba.com/race/paddock_movie.html?race_id=202605030311&id=2021105817
	ドラゴンブースト	安田記念 GI 8 26年6月7日(日) 東京芝1600m	https://cdnv2.netkeiba.com/img/paddock/2026/79479_0.jpg	https://race.netkeiba.com/race/paddock_movie.html?race_id=202605030211&id=2022105891
	ビーアストニッシド	朱鷺Ｓ L 13 26年8月22日(土) 新潟芝1400m	https://cdnv2.netkeiba.com/img/paddock/2026/90944_0.jpg	https://race.netkeiba.com/race/paddock_movie.html?race_id=202604030107&id=2019101348
	ホウオウビスケッツ	札幌記念 GII 10 26年8月16日(日) 札幌芝2000m	https://cdnv2.netkeiba.com/img/paddock/2026/90221_0.jpg	https://race.netkeiba.com/race/paddock_movie.html?race_id=202601010811&id=2020103941
	ライヒスアドラー	佐渡Ｓ 1 26年8月9日(日) 新潟芝1800m	https://cdnv2.netkeiba.com/img/paddock/2026/89226_0.jpg	https://race.netkeiba.com/race/paddock_movie.html?race_id=202604020606&id=2023103687
	ランスオブカオス	関屋記念 GIII 13 26年7月26日(日) 新潟芝1600m	https://cdnv2.netkeiba.com/img/paddock/2026/87163_0.jpg	https://race.netkeiba.com/race/paddock_movie.html?race_id=202604020207&id=2022104401
	リアライズシリウス	東京優駿 GI 7 26年5月31日(日) 東京芝2400m	https://cdnv2.netkeiba.com/img/paddock/2026/78864_0.jpg	https://race.netkeiba.com/race/paddock_movie.html?race_id=202605021211&id=2023103604
	レイニング	関越Ｓ 4 26年8月8日(土) 新潟芝1800m	https://cdnv2.netkeiba.com/img/paddock/2026/88762_0.jpg	https://race.netkeiba.com/race/paddock_movie.html?race_id=202604020507&id=2022104750
	レガーロデルシエロ	関越Ｓ 12 26年8月8日(土) 新潟芝1800m	https://cdnv2.netkeiba.com/img/paddock/2026/88761_0.jpg	https://race.netkeiba.com/race/paddock_movie.html?race_id=202604020507&id=2021105661
	レディネス	札幌記念 GII 3 26年8月16日(日) 札幌芝2000m	https://cdnv2.netkeiba.com/img/paddock/2026/90216_0.jpg	https://race.netkeiba.com/race/paddock_movie.html?race_id=202601010811&id=2022104416
	ロングラン	安田記念 GI 16 26年6月7日(日) 東京芝1600m	https://cdnv2.netkeiba.com/img/paddock/2026/79492_0.jpg	https://race.netkeiba.com/race/paddock_movie.html?race_id=202605030211&id=2018104708
	ヴィンセンシオ	小倉日経賞 9 26年2月8日(日) 小倉芝2000m	https://cdnv2.netkeiba.com/img/paddock/2026/61371_0.jpg	https://race.netkeiba.com/race/paddock_movie.html?race_id=202610010611&id=2022104832
