	イベントホライゾン	３歳１勝クラス 1 26年4月18日(土) 阪神芝2000m	https://cdnv2.netkeiba.com/img/paddock/2026/71740_0.jpg	https://race.netkeiba.com/race/paddock_movie.html?race_id=202609020705&id=2023107287
	ウェイクフィールド	ライラック賞 10 26年7月25日(土) 札幌芝2600m	https://cdnv2.netkeiba.com/img/paddock/2026/86590_0.jpg	https://race.netkeiba.com/race/paddock_movie.html?race_id=202601010110&id=2023103500
	グランカンタンテ	白河特別 5 26年7月5日(日) 福島芝1800m	https://cdnv2.netkeiba.com/img/paddock/2026/83951_0.jpg	https://race.netkeiba.com/race/paddock_movie.html?race_id=202603020410&id=2021105600
	グロスビーク	米沢特別 11 26年7月18日(土) 福島ダ1700m	https://cdnv2.netkeiba.com/img/paddock/2026/85676_0.jpg	https://race.netkeiba.com/race/paddock_movie.html?race_id=202603020710&id=2022104608
	コスモスプモーニ	ＷＡＳＪ４ 8 26年8月23日(日) 札幌芝1800m	https://cdnv2.netkeiba.com/img/paddock/2026/91330_0.jpg	https://race.netkeiba.com/race/paddock_movie.html?race_id=202601020212&id=2020101261
	シーミハットク	白百合Ｓ L 6 26年5月31日(日) 京都芝1800m	https://cdnv2.netkeiba.com/img/paddock/2026/79025_0.jpg	https://race.netkeiba.com/race/paddock_movie.html?race_id=202608031211&id=2023103532
	シャンソンドール	豊栄特別 3 26年7月25日(土) 新潟芝1600m	https://cdnv2.netkeiba.com/img/paddock/2026/86685_0.jpg	https://race.netkeiba.com/race/paddock_movie.html?race_id=202604020106&id=2022105038
	スイートオレンジ	熊野特別 5 26年8月30日(日) 中京芝2200m	https://cdnv2.netkeiba.com/img/paddock/2026/92673_0.jpg	https://race.netkeiba.com/race/paddock_movie.html?race_id=202607030408&id=2022103494
	スナークピカソ	納屋橋特別 4 26年8月8日(土) 中京芝1600m	https://cdnv2.netkeiba.com/img/paddock/2026/88905_0.jpg	https://race.netkeiba.com/race/paddock_movie.html?race_id=202607020506&id=2022104171
	トレサフィール	葉山特別 5 26年5月30日(土) 東京芝1600m	https://cdnv2.netkeiba.com/img/paddock/2026/78482_0.jpg	https://race.netkeiba.com/race/paddock_movie.html?race_id=202605021110&id=2022102174
	ハイラント	信夫山特別 9 26年7月11日(土) 福島芝2600m	https://cdnv2.netkeiba.com/img/paddock/2026/84560_0.jpg	https://race.netkeiba.com/race/paddock_movie.html?race_id=202603020509&id=2021103033
	バセリーナ	ＷＡＳＪ４ 11 26年8月23日(日) 札幌芝1800m	https://cdnv2.netkeiba.com/img/paddock/2026/91332_0.jpg	https://race.netkeiba.com/race/paddock_movie.html?race_id=202601020212&id=2022106772
	ブルーマエストロ	花見小路特別 2 25年11月23日(日) 京都芝1600m		https://race.netkeiba.com/race/paddock_movie.html?race_id=202508040609&id=2022105189
	ホークマン	芦ノ湖特別 11 26年6月14日(日) 東京芝1600m	https://cdnv2.netkeiba.com/img/paddock/2026/80680_0.jpg	https://race.netkeiba.com/race/paddock_movie.html?race_id=202605030409&id=2021100008
	ホウオウシンデレラ	松島特別 4 26年6月28日(日) 福島芝2000m	https://cdnv2.netkeiba.com/img/paddock/2026/82862_0.jpg	https://race.netkeiba.com/race/paddock_movie.html?race_id=202603020209&id=2021103533
	マイネルアレス	赤倉特別 6 26年8月29日(土) 新潟芝2000m	https://cdnv2.netkeiba.com/img/paddock/2026/92022_0.jpg	https://race.netkeiba.com/race/paddock_movie.html?race_id=202604030307&id=2022106817
	ミーントゥビー	ＷＡＳＪ４ 5 26年8月23日(日) 札幌芝1800m	https://cdnv2.netkeiba.com/img/paddock/2026/91333_0.jpg	https://race.netkeiba.com/race/paddock_movie.html?race_id=202601020212&id=2022105317
	ヤマニンガラッシア	猪苗代特別 9 26年7月19日(日) 福島芝2000m	https://cdnv2.netkeiba.com/img/paddock/2026/86139_0.jpg	https://race.netkeiba.com/race/paddock_movie.html?race_id=202603020810&id=2017101772
	ヨシヒロ	藻岩山特別 6 26年8月8日(土) 札幌芝2000m	https://cdnv2.netkeiba.com/img/paddock/2026/88658_0.jpg	https://race.netkeiba.com/race/paddock_movie.html?race_id=202601010510&id=2022103405
	リッツパーティー	ラジＮＩＫ賞 GIII 3 26年6月28日(日) 福島芝1800m	https://cdnv2.netkeiba.com/img/paddock/2026/82897_0.jpg	https://race.netkeiba.com/race/paddock_movie.html?race_id=202603020211&id=2023104224
	レッセパッセ	ＷＡＳＪ４ 10 26年8月23日(日) 札幌芝1800m	https://cdnv2.netkeiba.com/img/paddock/2026/91327_0.jpg	https://race.netkeiba.com/race/paddock_movie.html?race_id=202601020212&id=2021106826
	ワンモアスマイル	有松特別 13 26年8月23日(日) 中京芝1600m	https://cdnv2.netkeiba.com/img/paddock/2026/91543_0.jpg	https://race.netkeiba.com/race/paddock_movie.html?race_id=202607030206&id=2022105590
