	ウインデイジー	26年7月25日(土) 中京芝2200m 8着	https://cdnv2.netkeiba.com/img/paddock/2026/86865_0.jpg	https://race.netkeiba.com/race/paddock_movie.html?race_id=202607020107&id=2021106194
	オストラヴァ	26年6月14日(日) 東京芝2400m 2着	https://cdnv2.netkeiba.com/img/paddock/2026/80690_0.jpg	https://race.netkeiba.com/race/paddock_movie.html?race_id=202605030410&id=2022105456
	クリニクラウン	26年8月9日(日) 新潟芝1800m 8着	https://cdnv2.netkeiba.com/img/paddock/2026/89222_0.jpg	https://race.netkeiba.com/race/paddock_movie.html?race_id=202604020606&id=2020100934
	サダムオプシス	26年7月25日(土) 中京芝2200m 2着	https://cdnv2.netkeiba.com/img/paddock/2026/86858_0.jpg	https://race.netkeiba.com/race/paddock_movie.html?race_id=202607020107&id=2021105474
	サトノパトリオット	26年5月31日(日) 東京芝2400m 1着	https://cdnv2.netkeiba.com/img/paddock/2026/78820_0.jpg	https://race.netkeiba.com/race/paddock_movie.html?race_id=202605021208&id=2022104907
	シャドウメテオ	26年6月14日(日) 東京芝2400m 3着	https://cdnv2.netkeiba.com/img/paddock/2026/80696_0.jpg	https://race.netkeiba.com/race/paddock_movie.html?race_id=202605030410&id=2022105454
	シュバルツマサムネ	26年6月20日(土) 阪神芝2200m 13着	https://cdnv2.netkeiba.com/img/paddock/2026/81490_0.jpg	https://race.netkeiba.com/race/paddock_movie.html?race_id=202609030510&id=2022104887
	タイセイフェリーク	26年7月25日(土) 中京芝2200m 10着	https://cdnv2.netkeiba.com/img/paddock/2026/86859_0.jpg	https://race.netkeiba.com/race/paddock_movie.html?race_id=202607020107&id=2020103713
	チャリングクロス	26年6月20日(土) 東京芝2400m 1着	https://cdnv2.netkeiba.com/img/paddock/2026/81314_0.jpg	https://race.netkeiba.com/race/paddock_movie.html?race_id=202605030509&id=2023107389
	ナムラフッカー	26年7月25日(土) 中京芝2200m 7着	https://cdnv2.netkeiba.com/img/paddock/2026/86931_0.jpg	https://race.netkeiba.com/race/paddock_movie.html?race_id=202607020107&id=2021102510
	ベンサレム	26年6月14日(日) 東京芝2400m 13着	https://cdnv2.netkeiba.com/img/paddock/2026/80689_0.jpg	https://race.netkeiba.com/race/paddock_movie.html?race_id=202605030410&id=2021105352
	リンフレスカンテ	26年7月25日(土) 中京芝2200m 5着	https://cdnv2.netkeiba.com/img/paddock/2026/86862_0.jpg	https://race.netkeiba.com/race/paddock_movie.html?race_id=202607020107&id=2018104797
