	ゴッドエスパーダ	白川郷Ｓ  4 26年8月30日(日) 中京ダ1900m	https://cdnv2.netkeiba.com/img/paddock/2026/92644_0.jpg	https://race.netkeiba.com/race/paddock_movie.html?race_id=202607030406&id=2022106186
	ショウナンバンライ	レパードＳ GIII 6 26年8月9日(日) 新潟ダ1800m	https://cdnv2.netkeiba.com/img/paddock/2026/89228_0.jpg	https://race.netkeiba.com/race/paddock_movie.html?race_id=202604020607&id=2023107036
	ジャイアンバローズ	出石特別  1 26年9月5日(土) 阪神ダ1800m	https://cdnv2.netkeiba.com/img/paddock/2026/93262_0.jpg	https://race.netkeiba.com/race/paddock_movie.html?race_id=202609040109&id=2023100922
	タマモキャリコ	姫路Ｓ  3 26年6月21日(日) 阪神ダ1800m	https://cdnv2.netkeiba.com/img/paddock/2026/81994_0.jpg	https://race.netkeiba.com/race/paddock_movie.html?race_id=202609030610&id=2021103197
	ダンツシタン	白川郷Ｓ  2 26年8月30日(日) 中京ダ1900m	https://cdnv2.netkeiba.com/img/paddock/2026/92776_0.jpg	https://race.netkeiba.com/race/paddock_movie.html?race_id=202607030406&id=2023104848
	バッケンレコード	梅田Ｓ  9 26年4月12日(日) 阪神ダ2000m	https://cdnv2.netkeiba.com/img/paddock/2026/71382_0.jpg	https://race.netkeiba.com/race/paddock_movie.html?race_id=202609020612&id=2022102516
	ポルポラジール	竹田城Ｓ  13 26年9月12日(土) 阪神ダ1800m	https://cdnv2.netkeiba.com/img/paddock/2026/94160_0.jpg	https://race.netkeiba.com/race/paddock_movie.html?race_id=202609040310&id=2021102993
	マテンロウブレイブ	竹田城Ｓ  9 26年9月12日(土) 阪神ダ1800m	https://cdnv2.netkeiba.com/img/paddock/2026/94151_0.jpg	https://race.netkeiba.com/race/paddock_movie.html?race_id=202609040310&id=2022105021
	マンオブザマッチ	報知杯大雪Ｈ  10 26年8月15日(土) 札幌ダ1700m	https://cdnv2.netkeiba.com/img/paddock/2026/89732_0.jpg	https://race.netkeiba.com/race/paddock_movie.html?race_id=202601010711&id=2022101677
	メイショウコガシラ	三河Ｓ  5 26年8月8日(土) 中京ダ1800m	https://cdnv2.netkeiba.com/img/paddock/2026/88926_0.jpg	https://race.netkeiba.com/race/paddock_movie.html?race_id=202607020507&id=2020100979
	ラフエイジアン	柳都Ｓ  4 26年8月1日(土) 新潟ダ1800m	https://cdnv2.netkeiba.com/img/paddock/2026/87727_0.jpg	https://race.netkeiba.com/race/paddock_movie.html?race_id=202604020307&id=2020104738
	リアライズグリント	盛岡ダ2000m 4着 (26/9/1) ※地方		https://db.netkeiba.com/horse/2023103720/
