1	ミッキーゴールド	5月3日 東京芝2000 府中Ｓ 10着	7bd61f408d7b407d9dcc035a7e75acd3	1777870093598
2	エイカイマッケンロ	5月16日 東京芝2400 六社Ｓ 15着	a2daec30bb5a41438eefbe4d76faa4dd	1779076453350
3	リンフレスカンテ	5月16日 東京芝2400 六社Ｓ 10着	e36592050a4b4748a52de2d798ad8f68	1779076462543
4	タイセイフェリーク	6月20日 阪神芝2200 ストークＳ 5着	fdfc8f5e201a4ff286a4e99443b9eb9c	1782100904104
5	ウインデイジー	6月20日 阪神芝2200 ストークＳ 3着	c192c4b6ff9e4caab72b74117c53dd56	1782100918206
6	サトノクローク	6月20日 阪神芝2200 ストークＳ 10着	350779a3f0b14183bb8611aebacd57cb	1782100928315
7	ハーツコンチェルト	5月31日 東京芝2500 目黒記念 GII 10着	c5f752ef12e64974b206d96e03e0df30	1780285987907
8	メイショウソウタ	6月20日 阪神芝2200 ストークＳ 15着	12f734bcf48b47c6a7ddb07fe2552c4e	1782100926550
9	ミュージシャン	6月6日 阪神芝2000 垂水Ｓ 2着	bec022c914c54ca4ae099c7dd2bcae5d	1780890437737
10	サダムオプシス	6月20日 阪神芝2200 ストークＳ 4着	4a371d9fd97c445a90de00407b7b38a8	1782100914947
11	ナムラフッカー	6月20日 阪神芝2200 ストークＳ 18着	ebaae8f4d590471983da212044837798	1782100909941
