1	トラスコンガーデン	テレビ山梨杯 15 26年6月6日(土) 東京芝1400m	https://cdnv2.netkeiba.com/img/paddock/2026/79265_0.jpg	https://race.netkeiba.com/race/paddock_movie.html?race_id=202605030110&id=2023100935
2	ルディドゥゲンジ			
3	サクセスカラー	相模湖特別 12 26年6月20日(土) 東京芝1400m	https://cdnv2.netkeiba.com/img/paddock/2026/81324_0.jpg	https://race.netkeiba.com/race/paddock_movie.html?race_id=202605030510&id=2021104200
4	ジョウゲンノツキ	郡山特別 6 26年7月5日(日) 福島芝1200m	https://cdnv2.netkeiba.com/img/paddock/2026/83944_0.jpg	https://race.netkeiba.com/race/paddock_movie.html?race_id=202603020409&id=2021102755
5	インプロペリア	３歳以上１勝クラス 1 26年6月13日(土) 東京芝1400m	https://cdnv2.netkeiba.com/img/paddock/2026/80174_0.jpg	https://race.netkeiba.com/race/paddock_movie.html?race_id=202605030308&id=2022104956
6	ミニョンマルーン	知床特別 10 26年8月15日(土) 札幌芝1200m	https://cdnv2.netkeiba.com/img/paddock/2026/89712_0.jpg	https://race.netkeiba.com/race/paddock_movie.html?race_id=202601010710&id=2022103151
7	パーティーガール	３歳以上１勝クラス 1 26年8月23日(日) 新潟芝1000m	https://cdnv2.netkeiba.com/img/paddock/2026/91463_0.jpg	https://race.netkeiba.com/race/paddock_movie.html?race_id=202604030211&id=2022106420
8	ドリーミングアップ	長万部特別 1 26年6月27日(土) 函館芝1200m	https://cdnv2.netkeiba.com/img/paddock/2026/82268_0.jpg	https://race.netkeiba.com/race/paddock_movie.html?race_id=202602010509&id=2021103303
9	ジャガード	ＷＡＳＪ１ 12 26年8月22日(土) 札幌芝1200m	https://cdnv2.netkeiba.com/img/paddock/2026/90831_0.jpg	https://race.netkeiba.com/race/paddock_movie.html?race_id=202601020110&id=2018103485
10	キープサインオン	ＨＴＢ杯 3 26年7月11日(土) 函館芝1200m	https://cdnv2.netkeiba.com/img/paddock/2026/84420_0.jpg	https://race.netkeiba.com/race/paddock_movie.html?race_id=202602010910&id=2022103556
11	タナスーペルノーバ	耶馬渓特別 9 26年7月11日(土) 小倉芝1200m	https://cdnv2.netkeiba.com/img/paddock/2026/84735_0.jpg	https://race.netkeiba.com/race/paddock_movie.html?race_id=202610020510&id=2023102661
12	ウチュウノセカイ	ＷＡＳＪ１ 13 26年8月22日(土) 札幌芝1200m	https://cdnv2.netkeiba.com/img/paddock/2026/90832_0.jpg	https://race.netkeiba.com/race/paddock_movie.html?race_id=202601020110&id=2023106665
13	ヴィヴァクラウン	ＷＡＳＪ１ 11 26年8月22日(土) 札幌芝1200m	https://cdnv2.netkeiba.com/img/paddock/2026/90820_0.jpg	https://race.netkeiba.com/race/paddock_movie.html?race_id=202601020110&id=2021101595
