	オニャンコポン	札幌記念 GII 15 26年8月16日(日) 札幌芝2000m	https://cdnv2.netkeiba.com/img/paddock/2026/90228_0.jpg	https://race.netkeiba.com/race/paddock_movie.html?race_id=202601010811&id=2019104756
	カズタンジャー	ＢＳＮ賞 L 4 26年8月29日(土) 新潟ダ1800m	https://cdnv2.netkeiba.com/img/paddock/2026/92038_0.jpg	https://race.netkeiba.com/race/paddock_movie.html?race_id=202604030308&id=2021101259
	サイモンザナドゥ	名鉄杯 L 3 26年8月2日(日) 中京ダ1800m	https://cdnv2.netkeiba.com/img/paddock/2026/88369_0.jpg	https://race.netkeiba.com/race/paddock_movie.html?race_id=202607020407&id=2020104497
	ジューンアヲニヨシ	平安Ｓ GIII 11 26年5月23日(土) 京都ダ1900m	https://cdnv2.netkeiba.com/img/paddock/2026/77706_0.jpg	https://race.netkeiba.com/race/paddock_movie.html?race_id=202608030911&id=2020100912
	ゼットリアン	名鉄杯 L 2 26年8月2日(日) 中京ダ1800m	https://cdnv2.netkeiba.com/img/paddock/2026/88364_0.jpg	https://race.netkeiba.com/race/paddock_movie.html?race_id=202607020407&id=2020104760
	ダイシンピスケス	ブリリアント L 13 26年5月3日(日) 東京ダ2100m	https://cdnv2.netkeiba.com/img/paddock/2026/74697_0.jpg	https://race.netkeiba.com/race/paddock_movie.html?race_id=202605020410&id=2018100830
	ダブルジョーク	梅田Ｓ  1 26年4月12日(日) 阪神ダ2000m	https://cdnv2.netkeiba.com/img/paddock/2026/71389_0.jpg	https://race.netkeiba.com/race/paddock_movie.html?race_id=202609020612&id=2020110026
	ハピ	名古屋城Ｓ  4 26年8月23日(日) 中京ダ1800m	https://cdnv2.netkeiba.com/img/paddock/2026/91565_0.jpg	https://race.netkeiba.com/race/paddock_movie.html?race_id=202607030207&id=2019100630
	マイノワール	観月橋Ｓ  1 26年4月25日(土) 京都ダ1800m	https://cdnv2.netkeiba.com/img/paddock/2026/73195_0.jpg	https://race.netkeiba.com/race/paddock_movie.html?race_id=202608030110&id=2021104411
	ミッキークレスト	名古屋城Ｓ  7 26年8月23日(日) 中京ダ1800m	https://cdnv2.netkeiba.com/img/paddock/2026/91567_0.jpg	https://race.netkeiba.com/race/paddock_movie.html?race_id=202607030207&id=2021105112
	メイショウズイウン	ＢＳＮ賞 L 1 26年8月29日(土) 新潟ダ1800m	https://cdnv2.netkeiba.com/img/paddock/2026/92043_0.jpg	https://race.netkeiba.com/race/paddock_movie.html?race_id=202604030308&id=2022100154
	リアレスト	スレイプニル  1 26年6月20日(土) 東京ダ2100m	https://cdnv2.netkeiba.com/img/paddock/2026/81341_0.jpg	https://race.netkeiba.com/race/paddock_movie.html?race_id=202605030511&id=2021105496
	ルシュヴァルドール	アンタレスＳ GIII 15 26年4月18日(土) 阪神ダ1800m	https://cdnv2.netkeiba.com/img/paddock/2026/71756_0.jpg	https://race.netkeiba.com/race/paddock_movie.html?race_id=202609020711&id=2021105630
	ヴァルツァーシャル	エルムＳ GIII 5 26年8月8日(土) 札幌ダ1700m	https://cdnv2.netkeiba.com/img/paddock/2026/88662_0.jpg	https://race.netkeiba.com/race/paddock_movie.html?race_id=202601010511&id=2019102437
