	アイサンサン	ヴィクトリア GI 13 26年5月17日(日) 東京芝1600m	https://cdnv2.netkeiba.com/img/paddock/2026/76904_0.jpg	https://race.netkeiba.com/race/paddock_movie.html?race_id=202605020811&id=2022103875
	ウインカーネリアン	キーンランド GIII 3 26年8月23日(日) 札幌芝1200m	https://cdnv2.netkeiba.com/img/paddock/2026/91310_0.jpg	https://race.netkeiba.com/race/paddock_movie.html?race_id=202601020211&id=2017101429
	エーティーマクフィ	キーンランド GIII 4 26年8月23日(日) 札幌芝1200m	https://cdnv2.netkeiba.com/img/paddock/2026/91313_0.jpg	https://race.netkeiba.com/race/paddock_movie.html?race_id=202601020211&id=2019105859
	サウンドモリアーナ	キーンランド GIII 1 26年8月23日(日) 札幌芝1200m	https://cdnv2.netkeiba.com/img/paddock/2026/91305_0.jpg	https://race.netkeiba.com/race/paddock_movie.html?race_id=202601020211&id=2022102057
	ジューンブレア	高松宮記念 GI 17 26年3月29日(日) 中京芝1200m	https://cdnv2.netkeiba.com/img/paddock/2026/69415_0.jpg	https://race.netkeiba.com/race/paddock_movie.html?race_id=202607010611&id=2021110099
	スターアニス	優駿牝馬 GI 12 26年5月24日(日) 東京芝2400m	https://cdnv2.netkeiba.com/img/paddock/2026/78056_0.jpg	https://race.netkeiba.com/race/paddock_movie.html?race_id=202605021011&id=2023106920
	パンジャタワー	キーンランド GIII 2 26年8月23日(日) 札幌芝1200m	https://cdnv2.netkeiba.com/img/paddock/2026/91315_0.jpg	https://race.netkeiba.com/race/paddock_movie.html?race_id=202601020211&id=2022101732
	ピューロマジック	セントウルＳ GII 2 26年9月6日(日) 阪神芝1200m	https://cdnv2.netkeiba.com/img/paddock/2026/93767_0.jpg	https://race.netkeiba.com/race/paddock_movie.html?race_id=202609040211&id=2021107058
	フリッカージャブ	セントウルＳ GII 1 26年9月6日(日) 阪神芝1200m	https://cdnv2.netkeiba.com/img/paddock/2026/93764_0.jpg	https://race.netkeiba.com/race/paddock_movie.html?race_id=202609040211&id=2022102020
	ブラックチャリス	ＵＨＢ賞  6 26年8月9日(日) 札幌芝1200m	https://cdnv2.netkeiba.com/img/paddock/2026/89124_0.jpg	https://race.netkeiba.com/race/paddock_movie.html?race_id=202601010611&id=2023107008
	ペアポルックス	高松宮記念 GI 10 26年3月29日(日) 中京芝1200m	https://cdnv2.netkeiba.com/img/paddock/2026/69416_0.jpg	https://race.netkeiba.com/race/paddock_movie.html?race_id=202607010611&id=2021102320
	ママコチャ	セントウルＳ GII 3 26年9月6日(日) 阪神芝1200m	https://cdnv2.netkeiba.com/img/paddock/2026/93771_0.jpg	https://race.netkeiba.com/race/paddock_movie.html?race_id=202609040211&id=2019105394
	レイピア	ＣＢＣ賞 GIII 2 26年8月9日(日) 中京芝1200m	https://cdnv2.netkeiba.com/img/paddock/2026/89494_0.jpg	https://race.netkeiba.com/race/paddock_movie.html?race_id=202607020607&id=2022103066
	レッドモンレーヴ	セントウルＳ GII 16 26年9月6日(日) 阪神芝1200m	https://cdnv2.netkeiba.com/img/paddock/2026/93768_0.jpg	https://race.netkeiba.com/race/paddock_movie.html?race_id=202609040211&id=2019105496
	ワールズエンド	安田記念 GI 2 26年6月7日(日) 東京芝1600m	https://cdnv2.netkeiba.com/img/paddock/2026/79480_0.jpg	https://race.netkeiba.com/race/paddock_movie.html?race_id=202605030211&id=2021105864
