1	ノーブルロジャー	6月20日 阪神ダ1400 天保山Ｓ 5着	c61122a0187d47518ae2f1e58649e282	1782100949975
2	ジュンウィンダム	6月7日 阪神ダ1200 水無月Ｓ 15着	251313d4224041bfaaeb4b14eb357e2e	1780891598455
3	ハッピーマン	5月17日 京都ダ1400 栗東Ｓ L 7着	62c8ded27a934c21967b686e0b2fe141	1779078904804
4	モンドプリューム	6月20日 阪神ダ1400 天保山Ｓ 14着	eebc561bf52145728ab7d22ca0322fea	1782100951860
5	ドンインザムード	5月23日 東京ダ1400 欅ステークス 1着	595559b7b6bf408dab4f37487f0be879	1779681911942
6	ケイアイドリー	6月7日 阪神ダ1200 水無月Ｓ 12着	4ef840d4304b4215a042e7c9d17ef2d8	1780891592424
8	ベルジュロネット	6月20日 阪神ダ1400 天保山Ｓ 1着	f148d2381c95422283cadb487578fcb0	1782100951972
9	インユアパレス	5月17日 京都ダ1400 栗東Ｓ L 3着	d1dfb1eff42544e0b6ed6fc061f16f4d	1779078898222
10	トリリオンボーイ	5月17日 京都ダ1400 栗東Ｓ L 8着	1f53f1cdb68946ac86d2ef0ab2f410c5	1779078890351
11	メイショウハチロー	5月31日 東京ダ1600 薫風Ｓ 1着	a324877c34ed461c8ae6b8d51b126424	1780478049825
12	バトルクライ	4月26日 東京ダ1600 オアシスＳ L 5着	15279673d2c645d88fa0beac89b1090f	1777276107191
13	ドラゴンテイラー	3月21日 中京ダ1400 豊明Ｓ 1着	c6fa0997ed214848876269e2d0740eff	1774245920089
