1	ローズマイスター	３歳以上１勝クラス 1 26年8月9日(日) 札幌ダ1700m	https://cdnv2.netkeiba.com/img/paddock/2026/89088_0.jpg	https://race.netkeiba.com/race/paddock_movie.html?race_id=202601010608&id=2022104419
2	クリノラピダス	４歳以上２勝クラス 12 26年5月9日(土) 京都ダ1800m	https://cdnv2.netkeiba.com/img/paddock/2026/75474_0.jpg	https://race.netkeiba.com/race/paddock_movie.html?race_id=202608030512&id=2022109038
3	ハイクオリティ	桑園特別 5 26年7月25日(土) 札幌ダ1700m	https://cdnv2.netkeiba.com/img/paddock/2026/86616_0.jpg	https://race.netkeiba.com/race/paddock_movie.html?race_id=202601010112&id=2022106924
4	セイントホース	３歳以上１勝クラス 1 26年8月2日(日) 札幌ダ1700m	https://cdnv2.netkeiba.com/img/paddock/2026/88033_0.jpg	https://race.netkeiba.com/race/paddock_movie.html?race_id=202601010406&id=2023103176
5	オーロラアーク	三峰山特別 11 26年5月24日(日) 東京ダ1600m	https://cdnv2.netkeiba.com/img/paddock/2026/78018_0.jpg	https://race.netkeiba.com/race/paddock_movie.html?race_id=202605021008&id=2019102186
6	ユウェンタース	九スポ杯 9 26年7月5日(日) 小倉ダ1700m	https://cdnv2.netkeiba.com/img/paddock/2026/84117_0.jpg	https://race.netkeiba.com/race/paddock_movie.html?race_id=202610020410&id=2022103515
7	レッドライトニング	竜飛崎特別 11 26年7月4日(土) 函館ダ1700m	https://cdnv2.netkeiba.com/img/paddock/2026/84204_0.jpg	https://race.netkeiba.com/race/paddock_movie.html?race_id=202602010710&id=2021102200
8	ハヤブサオヒメサマ	大倉山特別 4 26年8月1日(土) 札幌ダ1700m	https://cdnv2.netkeiba.com/img/paddock/2026/87643_0.jpg	https://race.netkeiba.com/race/paddock_movie.html?race_id=202601010312&id=2022105973
9	ヒミノエトワール	３歳以上１勝クラス 1 26年7月12日(日) 函館ダ1700m	https://cdnv2.netkeiba.com/img/paddock/2026/84852_0.jpg	https://race.netkeiba.com/race/paddock_movie.html?race_id=202602011007&id=2022102388
10	カスバートテソーロ	大倉山特別 3 26年8月1日(土) 札幌ダ1700m	https://cdnv2.netkeiba.com/img/paddock/2026/87641_0.jpg	https://race.netkeiba.com/race/paddock_movie.html?race_id=202601010312&id=2022102263
11	アオハルブルース	３歳以上１勝クラス 1 26年7月5日(日) 函館ダ1700m	https://cdnv2.netkeiba.com/img/paddock/2026/84213_0.jpg	https://race.netkeiba.com/race/paddock_movie.html?race_id=202602010808&id=2023102313
12	ヒルノピレネー	桑園特別 6 26年7月25日(土) 札幌ダ1700m	https://cdnv2.netkeiba.com/img/paddock/2026/86606_0.jpg	https://race.netkeiba.com/race/paddock_movie.html?race_id=202601010112&id=2020100673
13	マーシヴィガラス			
14	ウインハルモニア	富良野特別 7 26年8月9日(日) 札幌ダ1700m	https://cdnv2.netkeiba.com/img/paddock/2026/89113_0.jpg	https://race.netkeiba.com/race/paddock_movie.html?race_id=202601010610&id=2022105610
