1	ディープキング	４歳以上１勝クラス 1 26年5月17日(日) 東京芝1800m	https://cdnv2.netkeiba.com/img/paddock/2026/76849_0.jpg	https://race.netkeiba.com/race/paddock_movie.html?race_id=202605020808&id=2017104815
2	イージーライダー	３歳以上１勝クラス 1 26年8月15日(土) 中京芝1600m	https://cdnv2.netkeiba.com/img/paddock/2026/90057_0.jpg	https://race.netkeiba.com/race/paddock_movie.html?race_id=202607020711&id=2023102814
3	ステラスペース	京都新聞杯 GII 16 26年5月9日(土) 京都芝2200m	https://cdnv2.netkeiba.com/img/paddock/2026/75464_0.jpg	https://race.netkeiba.com/race/paddock_movie.html?race_id=202608030511&id=2023104346
4	フィールドノート	３歳以上１勝クラス 1 26年7月25日(土) 新潟芝1800m	https://cdnv2.netkeiba.com/img/paddock/2026/86662_0.jpg	https://race.netkeiba.com/race/paddock_movie.html?race_id=202604020105&id=2022107186
5	コスモスプモーニ	能勢特別 11 26年9月13日(日) 阪神芝2000m	https://cdnv2.netkeiba.com/img/paddock/2026/94457_0.jpg	https://race.netkeiba.com/race/paddock_movie.html?race_id=202609040409&id=2020101261
6	レッドバレンティア	芦ノ湖特別 10 26年6月14日(日) 東京芝1600m	https://cdnv2.netkeiba.com/img/paddock/2026/80676_0.jpg	https://race.netkeiba.com/race/paddock_movie.html?race_id=202605030409&id=2020106413
7	ミッキージャンプ	能勢特別 3 26年9月13日(日) 阪神芝2000m	https://cdnv2.netkeiba.com/img/paddock/2026/94460_0.jpg	https://race.netkeiba.com/race/paddock_movie.html?race_id=202609040409&id=2023105274
8	ドッグウッド	ＨＴＢ賞 5 26年9月6日(日) 札幌芝1800m	https://cdnv2.netkeiba.com/img/paddock/2026/93434_0.jpg	https://race.netkeiba.com/race/paddock_movie.html?race_id=202601020610&id=2023101382
9	ファムクラジューズ	紫苑Ｓ GII 8 26年9月6日(日) 中山芝2000m	https://cdnv2.netkeiba.com/img/paddock/2026/93605_0.jpg	https://race.netkeiba.com/race/paddock_movie.html?race_id=202606040211&id=2023106433
10	ノビリシマビジョン	松島特別 10 26年6月28日(日) 福島芝2000m	https://cdnv2.netkeiba.com/img/paddock/2026/82868_0.jpg	https://race.netkeiba.com/race/paddock_movie.html?race_id=202603020209&id=2022105057
11	ホウオウシンデレラ	御宿特別 5 26年9月12日(土) 中山芝1600m	https://cdnv2.netkeiba.com/img/paddock/2026/93995_0.jpg	https://race.netkeiba.com/race/paddock_movie.html?race_id=202606040309&id=2021103533
12	マイネルアレス	習志野特別 8 26年9月13日(日) 中山芝1800m	https://cdnv2.netkeiba.com/img/paddock/2026/94512_0.jpg	https://race.netkeiba.com/race/paddock_movie.html?race_id=202606040409&id=2022106817
