1	スーパージョック	4月25日 東京ダ1600 ４歳以上２勝クラス 8着	171bf52cd9ee46b39b4f9154e2958789	1777267546598
2	モズケイスター	4月11日 阪神ダ1400 ４歳以上１勝クラス 1着	660740af6215459280a27dd4df032e02	1776052016871
3	ヤマニンバロネス	3月15日 阪神ダ1400 ４歳以上２勝クラス 8着	0c9a014bfb8c4b8986c237f7d8d45088	1773818422133
4	ステラスプレンダー	5月9日 京都芝1600 久御山特別 11着	34cce11689ec4acd8a37f4a528ae61df	1778471956278
5	アリエスキング	5月31日 京都ダ1800 與杼特別 5着	39d94cc905d34d67a2139795bd02e39c	1780286394952
6	ゼロヴィジビリティ	5月3日 京都ダ1400 ３歳１勝クラス 1着	10c9a120b8e94e209f591be2c48c5768	1777870618339
7	ホウオウゴールド	6月7日 阪神ダ1400 洲本特別 7着	a2fb41c2092d416b940c5fca52fe6749	1781000578751
8	ジェミート	5月30日 東京ダ1400 富嶽賞 9着	8714c41ef2d74af8bbbfca55db111d6f	1780284378226
9	ポートデラメール	4月4日 阪神ダ1400 ４歳以上２勝クラス 2着	0367977d6b514fd98797573dac1ef5f1	1775458356853
10	モズタチアガレ	4月4日 阪神ダ1400 ４歳以上２勝クラス 8着	0597d71a0a7742bea1f24834588a8ee7	1775458350611
11	チュウワチーフ	3月29日 中京ダ1400 鈴鹿特別 4着	f0635b0e91244adcb0d90a8da1384ee3	1774849428314
13	ヘリテージブルーム	5月24日 東京ダ1400 ３歳１勝クラス 1着	ffd45783749e4857abf4cc84aa5c9a8c	1779684223999
14	ザックザク	3月22日 阪神ダ1400 ４歳以上２勝クラス 3着	038fbe9ff7d748efaf54eb34a2ae77a9	1774244962267
15	ゴルデールスカー	6月6日 阪神ダ1800 加古川特別 10着	2c0b21505e7940f4ab3d96c2ed60ef9e	1780890339258
16	アレ	2月22日 阪神ダ1400 ４歳以上２勝クラス 14着	4f89164d27434a8e94bee62dfbeeb410	1771822074045
