インナーパッション	持続型	106	85	90	111
エーデル	持続型	88	90	94	92
コズミックダンサー	加速型	104	97	103	98
サイモンルモンド	加速型	52	81	63	90
ジェーケーボンバー	持続型	70	79	75	93
シグムンド	先行型	76	94	96	81
シテフローラル	加速型	62	83	73	88
シャローファースト	耐久型	107	101	107	99
ゼンエスポワール	持続型	67	87	80	87
タイキインドラ	持続型	89	100	90	103
ダブルメッセージ	先行型	82	104	106	80
デールエルバハリ	持続型	80	96	85	91
ドゥラエテルノ	終い伸び型	78	94	81	103
トゥーザムーン	持続型	83	90	82	100
バタール	先行型	65	89	95	70
ブレゲアン	先行型	86	99	98	86
ボクマダネムイヨ	持続型	86	88	89	96
ポッドフォルク	先行型	80	100	102	76
マウントバーノン	先行型	90	96	96	95
マッドゲイル	耐久型	97	94	100	93
メイショウジンライ	先行型	80	102	97	85
ユウトザユウト	持続型	88	96	88	100
レッドボブ	先行型	88	103	103	84
レッドリベルタ	耐久型	81	92	92	88
ローズマイスター	耐久型	90	88	84	106
