イベントホライゾン	終い伸び型	85	83	77	104
ウェイクフィールド	加速型	79	96	80	97
グランカンタンテ	持続型	78	79	75	100
グロスビーク	先行型	71	99	97	74
コスモスプモーニ	持続型	89	92	95	93
シーミハットク	終い伸び型	76	86	71	108
シャンソンドール	持続型	94	93	96	97
スイートオレンジ	終い伸び型	90	92	83	104
スナークピカソ	持続型	93	85	83	106
トレサフィール	加速型	94	96	94	101
ハイラント	加速型	100	88	88	101
バセリーナ	持続型	84	83	89	92
ブルーマエストロ	終い伸び型	92	97	89	107
ホークマン	持続型	73	90	83	92
ホウオウシンデレラ	加速型	103	89	91	105
マイネルアレス	加速型	89	87	94	96
ミーントゥビー	持続型	90	81	86	99
ヤマニンガラッシア	耐久型	72	93	84	89
ヨシヒロ	持続型	70	80	77	87
リッツパーティー	耐久型(ストライド走法)	95	101	95	100
レッセパッセ	持続型	85	80	84	97
ワンモアスマイル	持続型	84	92	86	96
