アイスグリーン	持続型	79	88	76	101
アルマデオロ	終い伸び型	86	91	76	105
ウィープディライト	持続型	76	85	75	101
ウイントレメンデス	終い伸び型	77	79	72	103
エゾダイモン	持続型	96	92	93	99
エルフストラック	加速型	84	103	95	94
キャントウェイト	終い伸び型	96	91	85	105
クレバーテースト	加速型	80	93	87	94
ショウナンサムデイ	終い伸び型	78	86	74	103
ジャスティンガルフ	持続型	80	93	84	87
チルカーノ	持続型	95	88	91	97
テーオーダグラス	持続型	104	81	81	110
ディーガレジェンド	加速型	103	100	99	100
ディヴァインスター	加速型	95	100	90	98
ノーブルスカイ	終い伸び型	74	81	72	101
ハニーコム	加速型	104	90	91	104
ピンクジン	終い伸び型	78	83	71	105
マイネルフーガ	持続型	81	88	84	97
ヨヒーン	加速型	87	89	84	102
ワイドアラジン	持続型	87	90	90	94
