アクートゥス	終い伸び型	90	84	80	110
アルセナール					
アルテヴェローチェ	終い伸び型	87	84	79	108
カルチャーデイ	持続型	95	95	89	106
ガロンヌ	終い伸び型	100	81	83	117
クルゼイロドスル	持続型	94	89	88	106
グレイイングリーン	持続型	85	94	91	95
ショウナンザナドゥ	持続型	95	98	97	99
スカイロケット	耐久型	82	86	90	92
スリールミニョン	先行型	82	103	105	78
セフィロ	持続型	111	95	96	114
タガノアラリア	持続型	92	82	84	108
タガノエルピーダ	持続型	84	103	103	81
ティニア	持続型	87	85	79	108
デイトナモード	耐久型	99	100	100	99
ビーアストニッシド	終い伸び型	79	79	74	106
マイネルジェロディ	先行型	91	96	99	92
マサノカナリア	耐久型	103	91	92	111
ムイ	終い伸び型	81	78	74	107
ヤブサメ	終い伸び型	91	83	77	113
ヤンキーバローズ					
ララマセラシオン	持続型	101	94	92	109
ランフォーヴァウ	先行型	80	91	91	89
リラエンブレム	持続型	85	90	84	98
レッドシュヴェルト	終い伸び型	81	81	76	105
レディマリオン	先行型	68	97	97	73
